login;hashed_password
anepretimov;$2a$10$PKgj5TATmAB62xuZgDWw8OOjh7uryZnjA3P2bd/YsqgNTbbv3Hc8a
vasilynov;$2a$10$G4dB8YnQOHTi9u4AYDd9xotxLB0fFzEzRGpyLfw96QZ9D7k0r0v.e
olgasid;$2a$10$5tH.4nHY6gqK7LwCmouAw6gi2xOaO0dxVh7dY5/J5JFlFd7TeY0sK
maximzuev;$2a$10$M2Vlb5aJ2z1lFI2b74lv7V/m67Fx2jlmjdyMtj3Vrd9EY3uM5DNmK
irinasmirnova;$2a$10$2KQ9FZ7UpOrAZ7BBtVo0.qlIk9y.PuwvnlBxG47VNVcmld7qKr.4i
sergeysilva;$2a$10$1h.k9.gmfgOZpTnyRO3S7DnpVr9CZhw8PfjKJl8FSyZzzZkmw1byW
ekaterinaivanova;$2a$10$5DJd1WFOXKvISZyTkGmt6nLmuS9dO9JlTOJ2kUyNRIytnyaYqXYGO
romankozlov;$2a$10$M7M8iF/0UNfpVjX2dZECyzlcr5dy3az7LfRzmi4l1abV5u7HoJ5NC
andreysemakin;$2a$10$2EYHThNnR92FPz3Nl1v5mqshwOdzr6wUvV9SlYW0P2aKJfxwPScVu
lyudmilaromanova;$2a$10$0HsZ5fXUn.fP1gZwXwB5U5VkFG12c8JpzEbKcZXoV5/xjVVrWy.wi
ivanpopov;$2a$10$TVoF6FMFBywVQIEpJ00do3U5i9RgWGfZcHcMCVOf3Ex6GzRbKPjJm
mikhailsharapov;$2a$10$wEqpKcHV3I.7nY9.WQgtTLVf.6YFg.s0TT7dl83K5OZvNrTOa1w7m
tatyanadmitrieva;$2a$10$3LpUFSyK0R8nFu5Q6Bjp01J6gRFM5BdTeYk0FqC0c6yPsw61jGH.C
vladimirzaitsev;$2a$10$PvWrr6L4shBd6KOp2kizxjch.QFg9iB0X2U62bEvhkwD.SrQx2f02
olgakolbova;$2a$10$W6Bx5sLgODTn78WcUt1BGgT.3POVjvEx6pZ9HlmOU16xy0yF86zbm
igram;$2a$10$PKgj5TATmAB62xuZgDWw8OOjh7uryZnjA3P2bd/YsqgNTbbv3Hc8a
artemyakovlev;$2a$10$VfPxt6U92sZ.EFC3tXBmlSz7QKvkyXj.BztZZfR9gfcn95UJYp4nS
irinaalexandrova;$2a$10$Q0S4lzwRMIbMftLMLyNl3GjozHq0rnZl77mYYrLybUwXX2fgEwTCm
sergeikuznetsov;$2a$10$Yu3cYBQ.pQrkFqJRxABdyfvXGB0kLZmuyYcCG1npRGz5Nr6p.EVei
yuliapetrova;$2a$10$5xMBuRTWmjP21gwzyUsVgHrMNCAm.90PCY.k8wFDrBG80RdoV5sq6
