center_id;name;lastname;age;picture;bio;email;phone
1;John;Doe;30;https://encrypted-tbn0.gstatic.com/images?q=tbn:ANd9GcTKmM6q3QDt6MGwt6r6ABJVjKaT2QwH5aSvtQ&s;Software Developer from New York;admin@igramagadev.ru;890002
2;Jane;Smith;28;https://encrypted-tbn0.gstatic.com/images?q=tbn:ANd9GcTKmM6q3QDt6MGwt6r6ABJVjKaT2QwH5aSvtQ&s;Graphic Designer from London;admin@igramagadev.ru;890002
3;Michael;Johnson;35;https://encrypted-tbn0.gstatic.com/images?q=tbn:ANd9GcTKmM6q3QDt6MGwt6r6ABJVjKaT2QwH5aSvtQ&s;Data Scientist from Berlin;admin@igramagadev.ru;890002
1;Emily;Davis;25;https://encrypted-tbn0.gstatic.com/images?q=tbn:ANd9GcTKmM6q3QDt6MGwt6r6ABJVjKaT2QwH5aSvtQ&s;Project Manager from Sydney;admin@igramagadev.ru;890002
2;James;Wilson;40;https://encrypted-tbn0.gstatic.com/images?q=tbn:ANd9GcTKmM6q3QDt6MGwt6r6ABJVjKaT2QwH5aSvtQ&s;Marketing Specialist from Toronto;admin@igramagadev.ru;890002
3;Patricia;Moore;32;https://encrypted-tbn0.gstatic.com/images?q=tbn:ANd9GcTKmM6q3QDt6MGwt6r6ABJVjKaT2QwH5aSvtQ&s;HR Manager from Madrid;admin@igramagadev.ru;890002
1;Robert;Taylor;29;https://encrypted-tbn0.gstatic.com/images?q=tbn:ANd9GcTKmM6q3QDt6MGwt6r6ABJVjKaT2QwH5aSvtQ&s;Front-end Developer from Paris;admin@igramagadev.ru;890002
2;Linda;Martinez;27;https://encrypted-tbn0.gstatic.com/images?q=tbn:ANd9GcTKmM6q3QDt6MGwt6r6ABJVjKaT2QwH5aSvtQ&s;UI/UX Designer from Los Angeles;admin@igramagadev.ru;890002
3;David;Anderson;38;https://encrypted-tbn0.gstatic.com/images?q=tbn:ANd9GcTKmM6q3QDt6MGwt6r6ABJVjKaT2QwH5aSvtQ&s;Full-stack Developer from Rome;admin@igramagadev.ru;890002
1;Susan;Thomas;31;https://encrypted-tbn0.gstatic.com/images?q=tbn:ANd9GcTKmM6q3QDt6MGwt6r6ABJVjKaT2QwH5aSvtQ&s;Business Analyst from San Francisco;admin@igramagadev.ru;890002
2;William;Harris;26;https://encrypted-tbn0.gstatic.com/images?q=tbn:ANd9GcTKmM6q3QDt6MGwt6r6ABJVjKaT2QwH5aSvtQ&s;SEO Specialist from Chicago;admin@igramagadev.ru;890002
3;Elizabeth;Clark;34;https://encrypted-tbn0.gstatic.com/images?q=tbn:ANd9GcTKmM6q3QDt6MGwt6r6ABJVjKaT2QwH5aSvtQ&s;Content Strategist from Madrid;admin@igramagadev.ru;890002
1;Daniel;Lewis;27;https://encrypted-tbn0.gstatic.com/images?q=tbn:ANd9GcTKmM6q3QDt6MGwt6r6ABJVjKaT2QwH5aSvtQ&s;Software Engineer from London;admin@igramagadev.ru;890002
2;Sophia;Young;28;https://encrypted-tbn0.gstatic.com/images?q=tbn:ANd9GcTKmM6q3QDt6MGwt6r6ABJVjKaT2QwH5aSvtQ&s;Project Manager from Barcelona;admin@igramagadev.ru;890002
3;Christopher;King;33;https://encrypted-tbn0.gstatic.com/images?q=tbn:ANd9GcTKmM6q3QDt6MGwt6r6ABJVjKaT2QwH5aSvtQ&s;Product Designer from Toronto;admin@igramagadev.ru;890002
1;Olivia;Scott;29;https://encrypted-tbn0.gstatic.com/images?q=tbn:ANd9GcTKmM6q3QDt6MGwt6r6ABJVjKaT2QwH5aSvtQ&s;Digital Marketer from New York;admin@igramagadev.ru;890002
2;Benjamin;Adams;31;https://encrypted-tbn0.gstatic.com/images?q=tbn:ANd9GcTKmM6q3QDt6MGwt6r6ABJVjKaT2QwH5aSvtQ&s;QA Engineer from San Francisco;admin@igramagadev.ru;890002
3;Megan;Baker;36;https://encrypted-tbn0.gstatic.com/images?q=tbn:ANd9GcTKmM6q3QDt6MGwt6r6ABJVjKaT2QwH5aSvtQ&s;Software Architect from Berlin;admin@igramagadev.ru;890002
1;Lucas;Gonzalez;30;https://encrypted-tbn0.gstatic.com/images?q=tbn:ANd9GcTKmM6q3QDt6MGwt6r6ABJVjKaT2QwH5aSvtQ&s;Data Analyst from Madrid;admin@igramagadev.ru;890002
1;Yulia;Petrova;25;https://encrypted-tbn0.gstatic.com/images?q=tbn:ANd9GcTKmM6q3QDt6MGwt6r6ABJVjKaT2QwH5aSvtQ&s;Designer;admin@igramagadev.ru;890002
