credentials_id;authority_id;profile_id;created;updated;username;password
1;1;1;2025-01-31 10:00:00;2025-01-31 10:00:00;alexanderivanov;$2a$10$001ABCDEFGHIJKLMNOPQRSTUVWXYZabcdefghijklmnopqrstuvwx
2;1;2;2025-01-31 11:00:00;2025-01-31 11:00:00;alexanderpetrov;$2a$10$002ABCDEFGHIJKLMNOPQRSTUVWXYZabcdefghijklmnopqrstuvwx
3;1;3;2025-01-31 12:00:00;2025-01-31 12:00:00;alexandersidorov;$2a$10$003ABCDEFGHIJKLMNOPQRSTUVWXYZabcdefghijklmnopqrstuvwx
4;1;4;2025-01-31 13:00:00;2025-01-31 13:00:00;alexandersmirnov;$2a$10$004ABCDEFGHIJKLMNOPQRSTUVWXYZabcdefghijklmnopqrstuvwx
5;1;5;2025-01-31 14:00:00;2025-01-31 14:00:00;alexanderkuznetsov;$2a$10$005ABCDEFGHIJKLMNOPQRSTUVWXYZabcdefghijklmnopqrstuvwx
6;1;6;2025-01-31 15:00:00;2025-01-31 15:00:00;alexandervolkov;$2a$10$006ABCDEFGHIJKLMNOPQRSTUVWXYZabcdefghijklmnopqrstuvwx
7;1;7;2025-01-31 16:00:00;2025-01-31 16:00:00;alexandernovikov;$2a$10$007ABCDEFGHIJKLMNOPQRSTUVWXYZabcdefghijklmnopqrstuvwx
8;1;8;2025-01-31 17:00:00;2025-01-31 17:00:00;alexanderfedorov;$2a$10$008ABCDEFGHIJKLMNOPQRSTUVWXYZabcdefghijklmnopqrstuvwx
9;1;9;2025-01-31 18:00:00;2025-01-31 18:00:00;alexandermikhailov;$2a$10$009ABCDEFGHIJKLMNOPQRSTUVWXYZabcdefghijklmnopqrstuvwx
10;1;10;2025-01-31 19:00:00;2025-01-31 19:00:00;alexanderegorov;$2a$10$010ABCDEFGHIJKLMNOPQRSTUVWXYZabcdefghijklmnopqrstuvwx
11;1;11;2025-01-31 20:00:00;2025-01-31 20:00:00;mariaivanov;$2a$10$011ABCDEFGHIJKLMNOPQRSTUVWXYZabcdefghijklmnopqrstuvwx
12;1;12;2025-01-31 21:00:00;2025-01-31 21:00:00;mariapetrov;$2a$10$012ABCDEFGHIJKLMNOPQRSTUVWXYZabcdefghijklmnopqrstuvwx
13;1;13;2025-01-31 22:00:00;2025-01-31 22:00:00;mariasidorov;$2a$10$013ABCDEFGHIJKLMNOPQRSTUVWXYZabcdefghijklmnopqrstuvwx
14;1;14;2025-01-31 23:00:00;2025-01-31 23:00:00;mariasmirnov;$2a$10$014ABCDEFGHIJKLMNOPQRSTUVWXYZabcdefghijklmnopqrstuvwx
15;1;15;2025-02-01 00:00:00;2025-02-01 00:00:00;mariakuznetsov;$2a$10$015ABCDEFGHIJKLMNOPQRSTUVWXYZabcdefghijklmnopqrstuvwx
16;2;16;2025-02-01 01:00:00;2025-02-01 01:00:00;mariavolkov;$2a$10$016ABCDEFGHIJKLMNOPQRSTUVWXYZabcdefghijklmnopqrstuvwx
17;1;17;2025-02-01 02:00:00;2025-02-01 02:00:00;marianovikov;$2a$10$017ABCDEFGHIJKLMNOPQRSTUVWXYZabcdefghijklmnopqrstuvwx
18;1;18;2025-02-01 03:00:00;2025-02-01 03:00:00;mariafedorov;$2a$10$018ABCDEFGHIJKLMNOPQRSTUVWXYZabcdefghijklmnopqrstuvwx
19;1;19;2025-02-01 04:00:00;2025-02-01 04:00:00;mariamikhailov;$2a$10$019ABCDEFGHIJKLMNOPQRSTUVWXYZabcdefghijklmnopqrstuvwx
20;1;20;2025-02-01 05:00:00;2025-02-01 05:00:00;mariaegorov;$2a$10$020ABCDEFGHIJKLMNOPQRSTUVWXYZabcdefghijklmnopqrstuvwx
21;1;21;2025-02-01 06:00:00;2025-02-01 06:00:00;dmitryivanov;$2a$10$021ABCDEFGHIJKLMNOPQRSTUVWXYZabcdefghijklmnopqrstuvwx
22;1;22;2025-02-01 07:00:00;2025-02-01 07:00:00;dmitrypetrov;$2a$10$022ABCDEFGHIJKLMNOPQRSTUVWXYZabcdefghijklmnopqrstuvwx
23;1;23;2025-02-01 08:00:00;2025-02-01 08:00:00;dmitrysidorov;$2a$10$023ABCDEFGHIJKLMNOPQRSTUVWXYZabcdefghijklmnopqrstuvwx
24;1;24;2025-02-01 09:00:00;2025-02-01 09:00:00;dmitrysmirnov;$2a$10$024ABCDEFGHIJKLMNOPQRSTUVWXYZabcdefghijklmnopqrstuvwx
25;1;25;2025-02-01 10:00:00;2025-02-01 10:00:00;dmitrykuznetsov;$2a$10$025ABCDEFGHIJKLMNOPQRSTUVWXYZabcdefghijklmnopqrstuvwx
26;1;26;2025-02-01 11:00:00;2025-02-01 11:00:00;dmitryvolkov;$2a$10$026ABCDEFGHIJKLMNOPQRSTUVWXYZabcdefghijklmnopqrstuvwx
27;1;27;2025-02-01 12:00:00;2025-02-01 12:00:00;dmitrynovikov;$2a$10$027ABCDEFGHIJKLMNOPQRSTUVWXYZabcdefghijklmnopqrstuvwx
28;1;28;2025-02-01 13:00:00;2025-02-01 13:00:00;dmitryfedorov;$2a$10$028ABCDEFGHIJKLMNOPQRSTUVWXYZabcdefghijklmnopqrstuvwx
29;1;29;2025-02-01 14:00:00;2025-02-01 14:00:00;dmitrymikhailov;$2a$10$029ABCDEFGHIJKLMNOPQRSTUVWXYZabcdefghijklmnopqrstuvwx
30;1;30;2025-02-01 15:00:00;2025-02-01 15:00:00;dmitryegorov;$2a$10$030ABCDEFGHIJKLMNOPQRSTUVWXYZabcdefghijklmnopqrstuvwx
31;1;31;2025-02-01 16:00:00;2025-02-01 16:00:00;anastasiaivanov;$2a$10$031ABCDEFGHIJKLMNOPQRSTUVWXYZabcdefghijklmnopqrstuvwx
32;1;32;2025-02-01 17:00:00;2025-02-01 17:00:00;anastasiapetrov;$2a$10$032ABCDEFGHIJKLMNOPQRSTUVWXYZabcdefghijklmnopqrstuvwx
33;1;33;2025-02-01 18:00:00;2025-02-01 18:00:00;anastasiasidorov;$2a$10$033ABCDEFGHIJKLMNOPQRSTUVWXYZabcdefghijklmnopqrstuvwx
34;1;34;2025-02-01 19:00:00;2025-02-01 19:00:00;anastasiasmirnov;$2a$10$034ABCDEFGHIJKLMNOPQRSTUVWXYZabcdefghijklmnopqrstuvwx
35;1;35;2025-02-01 20:00:00;2025-02-01 20:00:00;anastasiakuznetsov;$2a$10$035ABCDEFGHIJKLMNOPQRSTUVWXYZabcdefghijklmnopqrstuvwx
36;2;36;2025-02-01 21:00:00;2025-02-01 21:00:00;anastasiavolkov;$2a$10$036ABCDEFGHIJKLMNOPQRSTUVWXYZabcdefghijklmnopqrstuvwx
37;1;37;2025-02-01 22:00:00;2025-02-01 22:00:00;anastasianovikov;$2a$10$037ABCDEFGHIJKLMNOPQRSTUVWXYZabcdefghijklmnopqrstuvwx
38;1;38;2025-02-01 23:00:00;2025-02-01 23:00:00;anastasiafedorov;$2a$10$038ABCDEFGHIJKLMNOPQRSTUVWXYZabcdefghijklmnopqrstuvwx
39;1;39;2025-02-02 00:00:00;2025-02-02 00:00:00;anastasiamikhailov;$2a$10$039ABCDEFGHIJKLMNOPQRSTUVWXYZabcdefghijklmnopqrstuvwx
40;1;40;2025-02-02 01:00:00;2025-02-02 01:00:00;anastasiaegorov;$2a$10$040ABCDEFGHIJKLMNOPQRSTUVWXYZabcdefghijklmnopqrstuvwx
41;1;41;2025-02-02 02:00:00;2025-02-02 02:00:00;sergeyivanov;$2a$10$041ABCDEFGHIJKLMNOPQRSTUVWXYZabcdefghijklmnopqrstuvwx
42;1;42;2025-02-02 03:00:00;2025-02-02 03:00:00;sergeypetrov;$2a$10$042ABCDEFGHIJKLMNOPQRSTUVWXYZabcdefghijklmnopqrstuvwx
43;1;43;2025-02-02 04:00:00;2025-02-02 04:00:00;sergeysidorov;$2a$10$043ABCDEFGHIJKLMNOPQRSTUVWXYZabcdefghijklmnopqrstuvwx
44;1;44;2025-02-02 05:00:00;2025-02-02 05:00:00;sergeysmirnov;$2a$10$044ABCDEFGHIJKLMNOPQRSTUVWXYZabcdefghijklmnopqrstuvwx
45;1;45;2025-02-02 06:00:00;2025-02-02 06:00:00;sergeykuznetsov;$2a$10$045ABCDEFGHIJKLMNOPQRSTUVWXYZabcdefghijklmnopqrstuvwx
46;1;46;2025-02-02 07:00:00;2025-02-02 07:00:00;sergeyvolkov;$2a$10$046ABCDEFGHIJKLMNOPQRSTUVWXYZabcdefghijklmnopqrstuvwx
47;1;47;2025-02-02 08:00:00;2025-02-02 08:00:00;sergeynovikov;$2a$10$047ABCDEFGHIJKLMNOPQRSTUVWXYZabcdefghijklmnopqrstuvwx
48;1;48;2025-02-02 09:00:00;2025-02-02 09:00:00;sergeyfedorov;$2a$10$048ABCDEFGHIJKLMNOPQRSTUVWXYZabcdefghijklmnopqrstuvwx
49;1;49;2025-02-02 10:00:00;2025-02-02 10:00:00;sergeymikhailov;$2a$10$049ABCDEFGHIJKLMNOPQRSTUVWXYZabcdefghijklmnopqrstuvwx
50;1;50;2025-02-02 11:00:00;2025-02-02 11:00:00;sergeyegorov;$2a$10$050ABCDEFGHIJKLMNOPQRSTUVWXYZabcdefghijklmnopqrstuvwx
51;1;51;2025-02-02 12:00:00;2025-02-02 12:00:00;ekaterinaivanov;$2a$10$051ABCDEFGHIJKLMNOPQRSTUVWXYZabcdefghijklmnopqrstuvwx
52;1;52;2025-02-02 13:00:00;2025-02-02 13:00:00;ekaterinapetrov;$2a$10$052ABCDEFGHIJKLMNOPQRSTUVWXYZabcdefghijklmnopqrstuvwx
53;1;53;2025-02-02 14:00:00;2025-02-02 14:00:00;ekaterinasidorov;$2a$10$053ABCDEFGHIJKLMNOPQRSTUVWXYZabcdefghijklmnopqrstuvwx
54;1;54;2025-02-02 15:00:00;2025-02-02 15:00:00;ekaterinasmirnov;$2a$10$054ABCDEFGHIJKLMNOPQRSTUVWXYZabcdefghijklmnopqrstuvwx
55;1;55;2025-02-02 16:00:00;2025-02-02 16:00:00;ekaterinakuznetsov;$2a$10$055ABCDEFGHIJKLMNOPQRSTUVWXYZabcdefghijklmnopqrstuvwx
56;2;56;2025-02-02 17:00:00;2025-02-02 17:00:00;ekaterinavolkov;$2a$10$056ABCDEFGHIJKLMNOPQRSTUVWXYZabcdefghijklmnopqrstuvwx
57;1;57;2025-02-02 18:00:00;2025-02-02 18:00:00;ekaterinanovikov;$2a$10$057ABCDEFGHIJKLMNOPQRSTUVWXYZabcdefghijklmnopqrstuvwx
58;1;58;2025-02-02 19:00:00;2025-02-02 19:00:00;ekaterinafedorov;$2a$10$058ABCDEFGHIJKLMNOPQRSTUVWXYZabcdefghijklmnopqrstuvwx
59;1;59;2025-02-02 20:00:00;2025-02-02 20:00:00;ekaterinamikhailov;$2a$10$059ABCDEFGHIJKLMNOPQRSTUVWXYZabcdefghijklmnopqrstuvwx
60;1;60;2025-02-02 21:00:00;2025-02-02 21:00:00;ekaterinaegorov;$2a$10$060ABCDEFGHIJKLMNOPQRSTUVWXYZabcdefghijklmnopqrstuvwx
61;1;61;2025-02-02 22:00:00;2025-02-02 22:00:00;vladimirivanov;$2a$10$061ABCDEFGHIJKLMNOPQRSTUVWXYZabcdefghijklmnopqrstuvwx
62;1;62;2025-02-02 23:00:00;2025-02-02 23:00:00;vladimirpetrov;$2a$10$062ABCDEFGHIJKLMNOPQRSTUVWXYZabcdefghijklmnopqrstuvwx
63;1;63;2025-02-03 00:00:00;2025-02-03 00:00:00;vladimirsidorov;$2a$10$063ABCDEFGHIJKLMNOPQRSTUVWXYZabcdefghijklmnopqrstuvwx
64;1;64;2025-02-03 01:00:00;2025-02-03 01:00:00;vladimirsmirnov;$2a$10$064ABCDEFGHIJKLMNOPQRSTUVWXYZabcdefghijklmnopqrstuvwx
65;1;65;2025-02-03 02:00:00;2025-02-03 02:00:00;vladimirkuznetsov;$2a$10$065ABCDEFGHIJKLMNOPQRSTUVWXYZabcdefghijklmnopqrstuvwx
66;1;66;2025-02-03 03:00:00;2025-02-03 03:00:00;vladimirvolkov;$2a$10$066ABCDEFGHIJKLMNOPQRSTUVWXYZabcdefghijklmnopqrstuvwx
67;1;67;2025-02-03 04:00:00;2025-02-03 04:00:00;vladimirnovikov;$2a$10$067ABCDEFGHIJKLMNOPQRSTUVWXYZabcdefghijklmnopqrstuvwx
68;1;68;2025-02-03 05:00:00;2025-02-03 05:00:00;vladimirfedorov;$2a$10$068ABCDEFGHIJKLMNOPQRSTUVWXYZabcdefghijklmnopqrstuvwx
69;1;69;2025-02-03 06:00:00;2025-02-03 06:00:00;vladimirmikhailov;$2a$10$069ABCDEFGHIJKLMNOPQRSTUVWXYZabcdefghijklmnopqrstuvwx
70;1;70;2025-02-03 07:00:00;2025-02-03 07:00:00;vladimiregorov;$2a$10$070ABCDEFGHIJKLMNOPQRSTUVWXYZabcdefghijklmnopqrstuvwx
71;1;71;2025-02-03 08:00:00;2025-02-03 08:00:00;olgaivanov;$2a$10$071ABCDEFGHIJKLMNOPQRSTUVWXYZabcdefghijklmnopqrstuvwx
72;1;72;2025-02-03 09:00:00;2025-02-03 09:00:00;olgapetrov;$2a$10$072ABCDEFGHIJKLMNOPQRSTUVWXYZabcdefghijklmnopqrstuvwx
73;1;73;2025-02-03 10:00:00;2025-02-03 10:00:00;olgasidorov;$2a$10$073ABCDEFGHIJKLMNOPQRSTUVWXYZabcdefghijklmnopqrstuvwx
74;1;74;2025-02-03 11:00:00;2025-02-03 11:00:00;olgasmirnov;$2a$10$074ABCDEFGHIJKLMNOPQRSTUVWXYZabcdefghijklmnopqrstuvwx
75;1;75;2025-02-03 12:00:00;2025-02-03 12:00:00;olgakuznetsov;$2a$10$075ABCDEFGHIJKLMNOPQRSTUVWXYZabcdefghijklmnopqrstuvwx
76;2;76;2025-02-03 13:00:00;2025-02-03 13:00:00;olgavolkov;$2a$10$076ABCDEFGHIJKLMNOPQRSTUVWXYZabcdefghijklmnopqrstuvwx
77;1;77;2025-02-03 14:00:00;2025-02-03 14:00:00;olganovikov;$2a$10$077ABCDEFGHIJKLMNOPQRSTUVWXYZabcdefghijklmnopqrstuvwx
78;1;78;2025-02-03 15:00:00;2025-02-03 15:00:00;olgafedorov;$2a$10$078ABCDEFGHIJKLMNOPQRSTUVWXYZabcdefghijklmnopqrstuvwx
79;1;79;2025-02-03 16:00:00;2025-02-03 16:00:00;olgamikhailov;$2a$10$079ABCDEFGHIJKLMNOPQRSTUVWXYZabcdefghijklmnopqrstuvwx
80;1;80;2025-02-03 17:00:00;2025-02-03 17:00:00;olgaegorov;$2a$10$080ABCDEFGHIJKLMNOPQRSTUVWXYZabcdefghijklmnopqrstuvwx
81;1;81;2025-02-03 18:00:00;2025-02-03 18:00:00;maximivanov;$2a$10$081ABCDEFGHIJKLMNOPQRSTUVWXYZabcdefghijklmnopqrstuvwx
82;1;82;2025-02-03 19:00:00;2025-02-03 19:00:00;maximpetrov;$2a$10$082ABCDEFGHIJKLMNOPQRSTUVWXYZabcdefghijklmnopqrstuvwx
83;1;83;2025-02-03 20:00:00;2025-02-03 20:00:00;maximsidorov;$2a$10$083ABCDEFGHIJKLMNOPQRSTUVWXYZabcdefghijklmnopqrstuvwx
84;1;84;2025-02-03 21:00:00;2025-02-03 21:00:00;maximsmirnov;$2a$10$084ABCDEFGHIJKLMNOPQRSTUVWXYZabcdefghijklmnopqrstuvwx
85;1;85;2025-02-03 22:00:00;2025-02-03 22:00:00;maximkuznetsov;$2a$10$085ABCDEFGHIJKLMNOPQRSTUVWXYZabcdefghijklmnopqrstuvwx
86;1;86;2025-02-03 23:00:00;2025-02-03 23:00:00;maximvolkov;$2a$10$086ABCDEFGHIJKLMNOPQRSTUVWXYZabcdefghijklmnopqrstuvwx
87;1;87;2025-02-04 00:00:00;2025-02-04 00:00:00;maximnovikov;$2a$10$087ABCDEFGHIJKLMNOPQRSTUVWXYZabcdefghijklmnopqrstuvwx
88;1;88;2025-02-04 01:00:00;2025-02-04 01:00:00;maximfedorov;$2a$10$088ABCDEFGHIJKLMNOPQRSTUVWXYZabcdefghijklmnopqrstuvwx
89;1;89;2025-02-04 02:00:00;2025-02-04 02:00:00;maximmikhailov;$2a$10$089ABCDEFGHIJKLMNOPQRSTUVWXYZabcdefghijklmnopqrstuvwx
90;1;90;2025-02-04 03:00:00;2025-02-04 03:00:00;maximegorov;$2a$10$090ABCDEFGHIJKLMNOPQRSTUVWXYZabcdefghijklmnopqrstuvwx
91;1;91;2025-02-04 04:00:00;2025-02-04 04:00:00;nataliaivanov;$2a$10$091ABCDEFGHIJKLMNOPQRSTUVWXYZabcdefghijklmnopqrstuvwx
92;1;92;2025-02-04 05:00:00;2025-02-04 05:00:00;nataliapetrov;$2a$10$092ABCDEFGHIJKLMNOPQRSTUVWXYZabcdefghijklmnopqrstuvwx
93;1;93;2025-02-04 06:00:00;2025-02-04 06:00:00;nataliasidorov;$2a$10$093ABCDEFGHIJKLMNOPQRSTUVWXYZabcdefghijklmnopqrstuvwx
94;1;94;2025-02-04 07:00:00;2025-02-04 07:00:00;nataliasmirnov;$2a$10$094ABCDEFGHIJKLMNOPQRSTUVWXYZabcdefghijklmnopqrstuvwx
95;1;95;2025-02-04 08:00:00;2025-02-04 08:00:00;nataliakuznetsov;$2a$10$095ABCDEFGHIJKLMNOPQRSTUVWXYZabcdefghijklmnopqrstuvwx
96;2;96;2025-02-04 09:00:00;2025-02-04 09:00:00;nataliavolkov;$2a$10$096ABCDEFGHIJKLMNOPQRSTUVWXYZabcdefghijklmnopqrstuvwx
97;1;97;2025-02-04 10:00:00;2025-02-04 10:00:00;natalianovikov;$2a$10$097ABCDEFGHIJKLMNOPQRSTUVWXYZabcdefghijklmnopqrstuvwx
98;1;98;2025-02-04 11:00:00;2025-02-04 11:00:00;nataliafedorov;$2a$10$098ABCDEFGHIJKLMNOPQRSTUVWXYZabcdefghijklmnopqrstuvwx
99;1;99;2025-02-04 12:00:00;2025-02-04 12:00:00;nataliamikhailov;$2a$10$099ABCDEFGHIJKLMNOPQRSTUVWXYZabcdefghijklmnopqrstuvwx
100;1;100;2025-02-04 13:00:00;2025-02-04 13:00:00;nataliaegorov;$2a$10$100ABCDEFGHIJKLMNOPQRSTUVWXYZabcdefghijklmnopqrstuvwx
101;1;101;2025-02-04 14:00:00;2025-02-04 14:00:00;ivanivanov;$2a$10$101ABCDEFGHIJKLMNOPQRSTUVWXYZabcdefghijklmnopqrstuvwx
102;1;102;2025-02-04 15:00:00;2025-02-04 15:00:00;ivanpetrov;$2a$10$102ABCDEFGHIJKLMNOPQRSTUVWXYZabcdefghijklmnopqrstuvwx
103;1;103;2025-02-04 16:00:00;2025-02-04 16:00:00;ivansidorov;$2a$10$103ABCDEFGHIJKLMNOPQRSTUVWXYZabcdefghijklmnopqrstuvwx
104;1;104;2025-02-04 17:00:00;2025-02-04 17:00:00;ivansmirnov;$2a$10$104ABCDEFGHIJKLMNOPQRSTUVWXYZabcdefghijklmnopqrstuvwx
105;1;105;2025-02-04 18:00:00;2025-02-04 18:00:00;ivankuznetsov;$2a$10$105ABCDEFGHIJKLMNOPQRSTUVWXYZabcdefghijklmnopqrstuvwx
106;1;106;2025-02-04 19:00:00;2025-02-04 19:00:00;ivanvolkov;$2a$10$106ABCDEFGHIJKLMNOPQRSTUVWXYZabcdefghijklmnopqrstuvwx
107;1;107;2025-02-04 20:00:00;2025-02-04 20:00:00;ivannovikov;$2a$10$107ABCDEFGHIJKLMNOPQRSTUVWXYZabcdefghijklmnopqrstuvwx
108;1;108;2025-02-04 21:00:00;2025-02-04 21:00:00;ivanfedorov;$2a$10$108ABCDEFGHIJKLMNOPQRSTUVWXYZabcdefghijklmnopqrstuvwx
109;1;109;2025-02-04 22:00:00;2025-02-04 22:00:00;ivanmikhailov;$2a$10$109ABCDEFGHIJKLMNOPQRSTUVWXYZabcdefghijklmnopqrstuvwx
110;1;110;2025-02-04 23:00:00;2025-02-04 23:00:00;ivanegorov;$2a$10$110ABCDEFGHIJKLMNOPQRSTUVWXYZabcdefghijklmnopqrstuvwx
111;1;111;2025-02-05 00:00:00;2025-02-05 00:00:00;svetlanaivanov;$2a$10$111ABCDEFGHIJKLMNOPQRSTUVWXYZabcdefghijklmnopqrstuvwx
112;1;112;2025-02-05 01:00:00;2025-02-05 01:00:00;svetlanapetrov;$2a$10$112ABCDEFGHIJKLMNOPQRSTUVWXYZabcdefghijklmnopqrstuvwx
113;1;113;2025-02-05 02:00:00;2025-02-05 02:00:00;svetlanasidorov;$2a$10$113ABCDEFGHIJKLMNOPQRSTUVWXYZabcdefghijklmnopqrstuvwx
114;1;114;2025-02-05 03:00:00;2025-02-05 03:00:00;svetlanasmirnov;$2a$10$114ABCDEFGHIJKLMNOPQRSTUVWXYZabcdefghijklmnopqrstuvwx
115;1;115;2025-02-05 04:00:00;2025-02-05 04:00:00;svetlanakuznetsov;$2a$10$115ABCDEFGHIJKLMNOPQRSTUVWXYZabcdefghijklmnopqrstuvwx
116;2;116;2025-02-05 05:00:00;2025-02-05 05:00:00;svetlanavolkov;$2a$10$116ABCDEFGHIJKLMNOPQRSTUVWXYZabcdefghijklmnopqrstuvwx
117;1;117;2025-02-05 06:00:00;2025-02-05 06:00:00;svetlananovikov;$2a$10$117ABCDEFGHIJKLMNOPQRSTUVWXYZabcdefghijklmnopqrstuvwx
118;1;118;2025-02-05 07:00:00;2025-02-05 07:00:00;svetlanafedorov;$2a$10$118ABCDEFGHIJKLMNOPQRSTUVWXYZabcdefghijklmnopqrstuvwx
119;1;119;2025-02-05 08:00:00;2025-02-05 08:00:00;svetlanamikhailov;$2a$10$119ABCDEFGHIJKLMNOPQRSTUVWXYZabcdefghijklmnopqrstuvwx
120;1;120;2025-02-05 09:00:00;2025-02-05 09:00:00;svetlanaegorov;$2a$10$120ABCDEFGHIJKLMNOPQRSTUVWXYZabcdefghijklmnopqrstuvwx
121;1;121;2025-02-05 10:00:00;2025-02-05 10:00:00;andreyivanov;$2a$10$121ABCDEFGHIJKLMNOPQRSTUVWXYZabcdefghijklmnopqrstuvwx
122;1;122;2025-02-05 11:00:00;2025-02-05 11:00:00;andreypetrov;$2a$10$122ABCDEFGHIJKLMNOPQRSTUVWXYZabcdefghijklmnopqrstuvwx
123;1;123;2025-02-05 12:00:00;2025-02-05 12:00:00;andreysidorov;$2a$10$123ABCDEFGHIJKLMNOPQRSTUVWXYZabcdefghijklmnopqrstuvwx
124;1;124;2025-02-05 13:00:00;2025-02-05 13:00:00;andreysmirnov;$2a$10$124ABCDEFGHIJKLMNOPQRSTUVWXYZabcdefghijklmnopqrstuvwx
125;1;125;2025-02-05 14:00:00;2025-02-05 14:00:00;andreykuznetsov;$2a$10$125ABCDEFGHIJKLMNOPQRSTUVWXYZabcdefghijklmnopqrstuvwx
126;1;126;2025-02-05 15:00:00;2025-02-05 15:00:00;andreyvolkov;$2a$10$126ABCDEFGHIJKLMNOPQRSTUVWXYZabcdefghijklmnopqrstuvwx
127;1;127;2025-02-05 16:00:00;2025-02-05 16:00:00;andreynovikov;$2a$10$127ABCDEFGHIJKLMNOPQRSTUVWXYZabcdefghijklmnopqrstuvwx
128;1;128;2025-02-05 17:00:00;2025-02-05 17:00:00;andreyfedorov;$2a$10$128ABCDEFGHIJKLMNOPQRSTUVWXYZabcdefghijklmnopqrstuvwx
129;1;129;2025-02-05 18:00:00;2025-02-05 18:00:00;andreymikhailov;$2a$10$129ABCDEFGHIJKLMNOPQRSTUVWXYZabcdefghijklmnopqrstuvwx
130;1;130;2025-02-05 19:00:00;2025-02-05 19:00:00;andreyegorov;$2a$10$130ABCDEFGHIJKLMNOPQRSTUVWXYZabcdefghijklmnopqrstuvwx
131;1;131;2025-02-05 20:00:00;2025-02-05 20:00:00;irinaivanov;$2a$10$131ABCDEFGHIJKLMNOPQRSTUVWXYZabcdefghijklmnopqrstuvwx
132;1;132;2025-02-05 21:00:00;2025-02-05 21:00:00;irinapetrov;$2a$10$132ABCDEFGHIJKLMNOPQRSTUVWXYZabcdefghijklmnopqrstuvwx
133;1;133;2025-02-05 22:00:00;2025-02-05 22:00:00;irinasidorov;$2a$10$133ABCDEFGHIJKLMNOPQRSTUVWXYZabcdefghijklmnopqrstuvwx
134;1;134;2025-02-05 23:00:00;2025-02-05 23:00:00;irinasmirnov;$2a$10$134ABCDEFGHIJKLMNOPQRSTUVWXYZabcdefghijklmnopqrstuvwx
135;1;135;2025-02-06 00:00:00;2025-02-06 00:00:00;irinakuznetsov;$2a$10$135ABCDEFGHIJKLMNOPQRSTUVWXYZabcdefghijklmnopqrstuvwx
136;2;136;2025-02-06 01:00:00;2025-02-06 01:00:00;irinavolkov;$2a$10$clM9EvYe.V8h7aRLs6JzVeMlMqTh80UqNZ3mvYNjecUbSI0SyM0CG
137;1;137;2025-02-06 02:00:00;2025-02-06 02:00:00;irinanovikov;$2a$10$137ABCDEFGHIJKLMNOPQRSTUVWXYZabcdefghijklmnopqrstuvwx
138;1;138;2025-02-06 03:00:00;2025-02-06 03:00:00;irinafedorov;$2a$10$138ABCDEFGHIJKLMNOPQRSTUVWXYZabcdefghijklmnopqrstuvwx
139;1;139;2025-02-06 04:00:00;2025-02-06 04:00:00;irinamikhailov;$2a$10$139ABCDEFGHIJKLMNOPQRSTUVWXYZabcdefghijklmnopqrstuvwx
140;1;140;2025-02-06 05:00:00;2025-02-06 05:00:00;irinaegorov;$2a$10$140ABCDEFGHIJKLMNOPQRSTUVWXYZabcdefghijklmnopqrstuvwx
141;1;141;2025-02-06 06:00:00;2025-02-06 06:00:00;olegivanov;$2a$10$141ABCDEFGHIJKLMNOPQRSTUVWXYZabcdefghijklmnopqrstuvwx
142;1;142;2025-02-06 07:00:00;2025-02-06 07:00:00;olegpetrov;$2a$10$142ABCDEFGHIJKLMNOPQRSTUVWXYZabcdefghijklmnopqrstuvwx
143;1;143;2025-02-06 08:00:00;2025-02-06 08:00:00;olegsidorov;$2a$10$143ABCDEFGHIJKLMNOPQRSTUVWXYZabcdefghijklmnopqrstuvwx
144;1;144;2025-02-06 09:00:00;2025-02-06 09:00:00;olegsmirnov;$2a$10$144ABCDEFGHIJKLMNOPQRSTUVWXYZabcdefghijklmnopqrstuvwx
145;1;145;2025-02-06 10:00:00;2025-02-06 10:00:00;olegkuznetsov;$2a$10$145ABCDEFGHIJKLMNOPQRSTUVWXYZabcdefghijklmnopqrstuvwx
146;1;146;2025-02-06 11:00:00;2025-02-06 11:00:00;olegvolkov;$2a$10$146ABCDEFGHIJKLMNOPQRSTUVWXYZabcdefghijklmnopqrstuvwx
147;1;147;2025-02-06 12:00:00;2025-02-06 12:00:00;olegnovikov;$2a$10$147ABCDEFGHIJKLMNOPQRSTUVWXYZabcdefghijklmnopqrstuvwx
148;1;148;2025-02-06 13:00:00;2025-02-06 13:00:00;olegfedorov;$2a$10$148ABCDEFGHIJKLMNOPQRSTUVWXYZabcdefghijklmnopqrstuvwx
149;1;149;2025-02-06 14:00:00;2025-02-06 14:00:00;olegmikhailov;$2a$10$149ABCDEFGHIJKLMNOPQRSTUVWXYZabcdefghijklmnopqrstuvwx
150;1;150;2025-02-06 15:00:00;2025-02-06 15:00:00;olegegorov;$2a$10$150ABCDEFGHIJKLMNOPQRSTUVWXYZabcdefghijklmnopqrstuvwx
151;1;151;2025-02-06 16:00:00;2025-02-06 16:00:00;marinaivanov;$2a$10$151ABCDEFGHIJKLMNOPQRSTUVWXYZabcdefghijklmnopqrstuvwx
152;1;152;2025-02-06 17:00:00;2025-02-06 17:00:00;marinapetrov;$2a$10$152ABCDEFGHIJKLMNOPQRSTUVWXYZabcdefghijklmnopqrstuvwx
153;1;153;2025-02-06 18:00:00;2025-02-06 18:00:00;marinasidorov;$2a$10$153ABCDEFGHIJKLMNOPQRSTUVWXYZabcdefghijklmnopqrstuvwx
154;1;154;2025-02-06 19:00:00;2025-02-06 19:00:00;marinasmirnov;$2a$10$154ABCDEFGHIJKLMNOPQRSTUVWXYZabcdefghijklmnopqrstuvwx
155;1;155;2025-02-06 20:00:00;2025-02-06 20:00:00;marinakuznetsov;$2a$10$155ABCDEFGHIJKLMNOPQRSTUVWXYZabcdefghijklmnopqrstuvwx
156;2;156;2025-02-06 21:00:00;2025-02-06 21:00:00;marinavolkov;$2a$10$156ABCDEFGHIJKLMNOPQRSTUVWXYZabcdefghijklmnopqrstuvwx
157;1;157;2025-02-06 22:00:00;2025-02-06 22:00:00;marinanovikov;$2a$10$157ABCDEFGHIJKLMNOPQRSTUVWXYZabcdefghijklmnopqrstuvwx
158;1;158;2025-02-06 23:00:00;2025-02-06 23:00:00;marinafedorov;$2a$10$158ABCDEFGHIJKLMNOPQRSTUVWXYZabcdefghijklmnopqrstuvwx
159;1;159;2025-02-07 00:00:00;2025-02-07 00:00:00;marinamikhailov;$2a$10$159ABCDEFGHIJKLMNOPQRSTUVWXYZabcdefghijklmnopqrstuvwx
160;1;160;2025-02-07 01:00:00;2025-02-07 01:00:00;marinaegorov;$2a$10$160ABCDEFGHIJKLMNOPQRSTUVWXYZabcdefghijklmnopqrstuvwx
161;1;161;2025-02-07 02:00:00;2025-02-07 02:00:00;pavelivanov;$2a$10$161ABCDEFGHIJKLMNOPQRSTUVWXYZabcdefghijklmnopqrstuvwx
162;1;162;2025-02-07 03:00:00;2025-02-07 03:00:00;pavelpetrov;$2a$10$162ABCDEFGHIJKLMNOPQRSTUVWXYZabcdefghijklmnopqrstuvwx
163;1;163;2025-02-07 04:00:00;2025-02-07 04:00:00;pavelsidorov;$2a$10$163ABCDEFGHIJKLMNOPQRSTUVWXYZabcdefghijklmnopqrstuvwx
164;1;164;2025-02-07 05:00:00;2025-02-07 05:00:00;pavelsmirnov;$2a$10$164ABCDEFGHIJKLMNOPQRSTUVWXYZabcdefghijklmnopqrstuvwx
165;1;165;2025-02-07 06:00:00;2025-02-07 06:00:00;pavelkuznetsov;$2a$10$165ABCDEFGHIJKLMNOPQRSTUVWXYZabcdefghijklmnopqrstuvwx
166;1;166;2025-02-07 07:00:00;2025-02-07 07:00:00;pavelvolkov;$2a$10$166ABCDEFGHIJKLMNOPQRSTUVWXYZabcdefghijklmnopqrstuvwx
167;1;167;2025-02-07 08:00:00;2025-02-07 08:00:00;pavelnovikov;$2a$10$167ABCDEFGHIJKLMNOPQRSTUVWXYZabcdefghijklmnopqrstuvwx
168;1;168;2025-02-07 09:00:00;2025-02-07 09:00:00;pavelfedorov;$2a$10$168ABCDEFGHIJKLMNOPQRSTUVWXYZabcdefghijklmnopqrstuvwx
169;1;169;2025-02-07 10:00:00;2025-02-07 10:00:00;pavelmikhailov;$2a$10$169ABCDEFGHIJKLMNOPQRSTUVWXYZabcdefghijklmnopqrstuvwx
170;1;170;2025-02-07 11:00:00;2025-02-07 11:00:00;pavelegorov;$2a$10$170ABCDEFGHIJKLMNOPQRSTUVWXYZabcdefghijklmnopqrstuvwx
171;1;171;2025-02-07 12:00:00;2025-02-07 12:00:00;tatianaivanov;$2a$10$171ABCDEFGHIJKLMNOPQRSTUVWXYZabcdefghijklmnopqrstuvwx
172;1;172;2025-02-07 13:00:00;2025-02-07 13:00:00;tatianapetrov;$2a$10$172ABCDEFGHIJKLMNOPQRSTUVWXYZabcdefghijklmnopqrstuvwx
173;1;173;2025-02-07 14:00:00;2025-02-07 14:00:00;tatianasidorov;$2a$10$173ABCDEFGHIJKLMNOPQRSTUVWXYZabcdefghijklmnopqrstuvwx
174;1;174;2025-02-07 15:00:00;2025-02-07 15:00:00;tatianasmirnov;$2a$10$174ABCDEFGHIJKLMNOPQRSTUVWXYZabcdefghijklmnopqrstuvwx
175;1;175;2025-02-07 16:00:00;2025-02-07 16:00:00;tatianakuznetsov;$2a$10$175ABCDEFGHIJKLMNOPQRSTUVWXYZabcdefghijklmnopqrstuvwx
176;2;176;2025-02-07 17:00:00;2025-02-07 17:00:00;tatianavolkov;$2a$10$176ABCDEFGHIJKLMNOPQRSTUVWXYZabcdefghijklmnopqrstuvwx
177;1;177;2025-02-07 18:00:00;2025-02-07 18:00:00;tatiananovikov;$2a$10$177ABCDEFGHIJKLMNOPQRSTUVWXYZabcdefghijklmnopqrstuvwx
178;1;178;2025-02-07 19:00:00;2025-02-07 19:00:00;tatianafedorov;$2a$10$178ABCDEFGHIJKLMNOPQRSTUVWXYZabcdefghijklmnopqrstuvwx
179;1;179;2025-02-07 20:00:00;2025-02-07 20:00:00;tatianamikhailov;$2a$10$179ABCDEFGHIJKLMNOPQRSTUVWXYZabcdefghijklmnopqrstuvwx
180;1;180;2025-02-07 21:00:00;2025-02-07 21:00:00;tatianaegorov;$2a$10$180ABCDEFGHIJKLMNOPQRSTUVWXYZabcdefghijklmnopqrstuvwx
